John Smith,TechCorp,automation,"
Hi John Smith,

I came across your requirement for automation.

We at DeployLynx specialize in cloud and DevOps solutions helping businesses scale efficiently.

Would love to connect and discuss how we can help TechCorp.

Best regards,  
DeployLynx Team
"
Ahmed Ali,CloudX,automation,"
Hi Ahmed Ali,

I came across your requirement for automation.

We at DeployLynx specialize in cloud and DevOps solutions helping businesses scale efficiently.

Would love to connect and discuss how we can help CloudX.

Best regards,  
DeployLynx Team
"
Sarah Lee,StartupHub,automation,"
Hi Sarah Lee,

I came across your requirement for automation.

We at DeployLynx specialize in cloud and DevOps solutions helping businesses scale efficiently.

Would love to connect and discuss how we can help StartupHub.

Best regards,  
DeployLynx Team
"
John Smith,TechCorp,automation,"
Hi John Smith,

I came across your requirement for automation.

We at DeployLynx specialize in cloud and DevOps solutions helping businesses scale efficiently.

Would love to connect and discuss how we can help TechCorp.

Best regards,  
DeployLynx Team
"
Ahmed Ali,CloudX,automation,"
Hi Ahmed Ali,

I came across your requirement for automation.

We at DeployLynx specialize in cloud and DevOps solutions helping businesses scale efficiently.

Would love to connect and discuss how we can help CloudX.

Best regards,  
DeployLynx Team
"
Sarah Lee,StartupHub,automation,"
Hi Sarah Lee,

I came across your requirement for automation.

We at DeployLynx specialize in cloud and DevOps solutions helping businesses scale efficiently.

Would love to connect and discuss how we can help StartupHub.

Best regards,  
DeployLynx Team
"
John Smith,TechCorp,CICD,"
Hi John Smith,

I came across your requirement for CICD.

We at DeployLynx specialize in cloud and DevOps solutions helping businesses scale efficiently.

Would love to connect and discuss how we can help TechCorp.

Best regards,  
DeployLynx Team
"
Ahmed Ali,CloudX,CICD,"
Hi Ahmed Ali,

I came across your requirement for CICD.

We at DeployLynx specialize in cloud and DevOps solutions helping businesses scale efficiently.

Would love to connect and discuss how we can help CloudX.

Best regards,  
DeployLynx Team
"
Sarah Lee,StartupHub,CICD,"
Hi Sarah Lee,

I came across your requirement for CICD.

We at DeployLynx specialize in cloud and DevOps solutions helping businesses scale efficiently.

Would love to connect and discuss how we can help StartupHub.

Best regards,  
DeployLynx Team
"
