name,company,need,message
John Smith,TechCorp,AI automation services needed,"
Hi John Smith,

I came across your requirement for AI automation services needed.

We at DeployLynx specialize in cloud and DevOps solutions helping businesses scale efficiently.

Would love to connect and discuss how we can help TechCorp.

Best regards,  
DeployLynx Team
"
Ahmed Ali,CloudX,AI automation services needed,"
Hi Ahmed Ali,

I came across your requirement for AI automation services needed.

We at DeployLynx specialize in cloud and DevOps solutions helping businesses scale efficiently.

Would love to connect and discuss how we can help CloudX.

Best regards,  
DeployLynx Team
"
Sarah Lee,StartupHub,AI automation services needed,"
Hi Sarah Lee,

I came across your requirement for AI automation services needed.

We at DeployLynx specialize in cloud and DevOps solutions helping businesses scale efficiently.

Would love to connect and discuss how we can help StartupHub.

Best regards,  
DeployLynx Team
"
